1,0,2018-08-08 11:38:51+0000,null,42155
1,0,2018-08-08 11:38:51+0000,null,42164
1,0,2018-08-08 11:38:51+0000,04,40200
1,0,2018-08-08 11:38:51+0000,05,40200
1,0,2018-08-08 11:38:51+0000,null,42165
1,0,2018-08-08 11:38:53+0000,null,42155
1,0,2018-08-08 11:38:53+0000,null,42164
1,0,2018-08-08 11:38:53+0000,04,40200
1,0,2018-08-08 11:38:53+0000,05,40200
1,0,2018-08-08 11:38:53+0000,null,42165
1,0,2018-08-08 11:38:57+0000,null,42155
1,0,2018-08-08 11:38:57+0000,null,42164
1,0,2018-08-08 11:38:57+0000,04,40200
1,0,2018-08-08 11:38:57+0000,05,40200
1,0,2018-08-08 11:38:57+0000,null,42165
1,0,2018-08-08 11:39:01+0000,null,42155
1,0,2018-08-08 11:39:01+0000,null,42164
1,0,2018-08-08 11:39:01+0000,04,40200
1,0,2018-08-08 11:39:01+0000,05,40200
1,0,2018-08-08 11:39:01+0000,null,42165
1,0,2018-08-08 11:39:04+0000,null,42155
1,0,2018-08-08 11:39:04+0000,null,42164
1,0,2018-08-08 11:39:04+0000,04,40200
1,0,2018-08-08 11:39:04+0000,05,40200
1,0,2018-08-08 11:39:04+0000,null,42165
1,0,2018-08-08 11:39:08+0000,null,42155
1,0,2018-08-08 11:39:08+0000,null,42164
1,0,2018-08-08 11:39:08+0000,04,40200
1,0,2018-08-08 11:39:08+0000,05,40200
1,0,2018-08-08 11:39:08+0000,null,42165
1,0,2018-08-08 11:39:12+0000,null,42155
1,0,2018-08-08 11:39:12+0000,null,42164
1,0,2018-08-08 11:39:12+0000,04,40200
1,0,2018-08-08 11:39:12+0000,05,40200
1,0,2018-08-08 11:39:12+0000,null,42165
1,0,2018-08-08 11:39:15+0000,null,42155
1,0,2018-08-08 11:39:15+0000,null,42164
1,0,2018-08-08 11:39:15+0000,04,40200
1,0,2018-08-08 11:39:15+0000,05,40200
1,0,2018-08-08 11:39:15+0000,null,42165
1,0,2018-08-08 11:39:19+0000,null,42155
1,0,2018-08-08 11:39:19+0000,null,42164
1,0,2018-08-08 11:39:19+0000,04,40200
1,0,2018-08-08 11:39:19+0000,05,40200
1,0,2018-08-08 11:39:19+0000,null,42165
1,0,2018-08-08 11:39:23+0000,null,42155
1,0,2018-08-08 11:39:23+0000,null,42164
1,0,2018-08-08 11:39:23+0000,04,40200
1,0,2018-08-08 11:39:23+0000,05,40200
1,0,2018-08-08 11:39:23+0000,null,42165
1,0,2018-08-08 11:39:27+0000,null,42155
1,0,2018-08-08 11:39:27+0000,null,42164
1,0,2018-08-08 11:39:27+0000,04,40200
1,0,2018-08-08 11:39:27+0000,05,40200
1,0,2018-08-08 11:39:27+0000,null,42165
1,0,2018-08-08 11:39:31+0000,null,42155
1,0,2018-08-08 11:39:31+0000,null,42164
1,0,2018-08-08 11:39:31+0000,04,40200
1,0,2018-08-08 11:39:31+0000,05,40200
1,0,2018-08-08 11:39:31+0000,null,42165
1,0,2018-08-08 11:39:34+0000,null,42155
1,0,2018-08-08 11:39:34+0000,null,42164
1,0,2018-08-08 11:39:34+0000,04,40200
1,0,2018-08-08 11:39:34+0000,05,40200
1,0,2018-08-08 11:39:34+0000,null,42165
1,0,2018-08-08 11:39:38+0000,null,42155
1,0,2018-08-08 11:39:38+0000,null,42164
1,0,2018-08-08 11:39:38+0000,04,40200
1,0,2018-08-08 11:39:38+0000,05,40200
1,0,2018-08-08 11:39:38+0000,null,42165
1,0,2018-08-08 11:39:42+0000,null,42155
1,0,2018-08-08 11:39:42+0000,null,42164
1,0,2018-08-08 11:39:42+0000,04,40200
1,0,2018-08-08 11:39:42+0000,05,40200
1,0,2018-08-08 11:39:42+0000,null,42165
1,0,2018-08-08 11:39:45+0000,null,42155
1,0,2018-08-08 11:39:45+0000,null,42164
1,0,2018-08-08 11:39:45+0000,04,40200
1,0,2018-08-08 11:39:45+0000,05,40200
1,0,2018-08-08 11:39:45+0000,null,42165
1,0,2018-08-08 11:39:49+0000,null,42155
1,0,2018-08-08 11:39:49+0000,null,42164
1,0,2018-08-08 11:39:49+0000,04,40200
1,0,2018-08-08 11:39:49+0000,05,40200
1,0,2018-08-08 11:39:49+0000,null,42165
1,0,2018-08-08 11:39:53+0000,null,42155
1,0,2018-08-08 11:39:53+0000,null,42164
1,0,2018-08-08 11:39:53+0000,04,40200
1,0,2018-08-08 11:39:53+0000,05,40200
1,0,2018-08-08 11:39:53+0000,null,42165
1,0,2018-08-08 11:39:57+0000,null,42155
1,0,2018-08-08 11:39:57+0000,null,42164
1,0,2018-08-08 11:39:57+0000,04,40200
1,0,2018-08-08 11:39:57+0000,05,40200
1,0,2018-08-08 11:39:57+0000,null,42165
1,0,2018-08-08 11:40:00+0000,null,42155
1,0,2018-08-08 11:40:00+0000,null,42164
1,0,2018-08-08 11:40:00+0000,04,40200
1,0,2018-08-08 11:40:00+0000,05,40200
1,0,2018-08-08 11:40:00+0000,null,42165
1,0,2018-08-08 11:40:04+0000,null,42155
1,0,2018-08-08 11:40:04+0000,null,42164
1,0,2018-08-08 11:40:04+0000,04,40200
1,0,2018-08-08 11:40:04+0000,05,40200
1,0,2018-08-08 11:40:04+0000,null,42165
1,0,2018-08-08 11:40:08+0000,null,42155
1,0,2018-08-08 11:40:08+0000,null,42164
1,0,2018-08-08 11:40:08+0000,04,40200
1,0,2018-08-08 11:40:08+0000,05,40200
1,0,2018-08-08 11:40:08+0000,null,42165
1,0,2018-08-08 11:40:12+0000,null,42155
1,0,2018-08-08 11:40:12+0000,null,42164
1,0,2018-08-08 11:40:12+0000,04,40200
1,0,2018-08-08 11:40:12+0000,05,40200
1,0,2018-08-08 11:40:12+0000,null,42165
1,0,2018-08-08 11:40:15+0000,null,42155
1,0,2018-08-08 11:40:15+0000,null,42164
1,0,2018-08-08 11:40:15+0000,04,40200
1,0,2018-08-08 11:40:15+0000,05,40200
1,0,2018-08-08 11:40:15+0000,null,42165
1,0,2018-08-08 11:40:19+0000,null,42155
1,0,2018-08-08 11:40:19+0000,null,42164
1,0,2018-08-08 11:40:19+0000,04,40200
1,0,2018-08-08 11:40:19+0000,05,40200
1,0,2018-08-08 11:40:19+0000,null,42165
1,0,2018-08-08 11:40:23+0000,null,42155
1,0,2018-08-08 11:40:23+0000,null,42164
1,0,2018-08-08 11:40:23+0000,04,40200
1,0,2018-08-08 11:40:23+0000,05,40200
1,0,2018-08-08 11:40:23+0000,null,42165
1,0,2018-08-08 11:40:27+0000,null,42155
1,0,2018-08-08 11:40:27+0000,null,42164
1,0,2018-08-08 11:40:27+0000,04,40200
1,0,2018-08-08 11:40:27+0000,05,40200
1,0,2018-08-08 11:40:27+0000,null,42165
1,0,2018-08-08 11:40:31+0000,null,42155
1,0,2018-08-08 11:40:31+0000,null,42164
1,0,2018-08-08 11:40:31+0000,04,40200
1,0,2018-08-08 11:40:31+0000,05,40200
1,0,2018-08-08 11:40:31+0000,null,42165
1,0,2018-08-08 11:40:34+0000,null,42155
1,0,2018-08-08 11:40:34+0000,null,42164
1,0,2018-08-08 11:40:34+0000,04,40200
1,0,2018-08-08 11:40:34+0000,05,40200
1,0,2018-08-08 11:40:34+0000,null,42165
1,0,2018-08-08 11:40:38+0000,null,42155
1,0,2018-08-08 11:40:38+0000,null,42164
1,0,2018-08-08 11:40:38+0000,04,40200
1,0,2018-08-08 11:40:38+0000,05,40200
1,0,2018-08-08 11:40:38+0000,null,42165
1,0,2018-08-08 11:40:42+0000,null,42155
1,0,2018-08-08 11:40:42+0000,null,42164
1,0,2018-08-08 11:40:42+0000,04,40200
1,0,2018-08-08 11:40:42+0000,05,40200
1,0,2018-08-08 11:40:42+0000,null,42165
1,0,2018-08-08 11:40:46+0000,null,42155
1,0,2018-08-08 11:40:46+0000,null,42164
1,0,2018-08-08 11:40:46+0000,04,40200
1,0,2018-08-08 11:40:46+0000,05,40200
1,0,2018-08-08 11:40:46+0000,null,42165
1,0,2018-08-08 11:40:50+0000,null,42155
1,0,2018-08-08 11:40:50+0000,null,42164
1,0,2018-08-08 11:40:50+0000,04,40200
1,0,2018-08-08 11:40:50+0000,05,40200
1,0,2018-08-08 11:40:50+0000,null,42165
1,0,2018-08-08 11:40:54+0000,null,42155
1,0,2018-08-08 11:40:54+0000,null,42164
1,0,2018-08-08 11:40:54+0000,04,40200
1,0,2018-08-08 11:40:54+0000,05,40200
1,0,2018-08-08 11:40:54+0000,null,42165
1,0,2018-08-08 11:40:57+0000,null,42155
1,0,2018-08-08 11:40:57+0000,null,42164
1,0,2018-08-08 11:40:57+0000,04,40200
1,0,2018-08-08 11:40:57+0000,05,40200
1,0,2018-08-08 11:40:57+0000,null,42165
1,0,2018-08-08 11:41:01+0000,null,42155
1,0,2018-08-08 11:41:01+0000,null,42164
1,0,2018-08-08 11:41:01+0000,04,40200
1,0,2018-08-08 11:41:01+0000,05,40200
1,0,2018-08-08 11:41:01+0000,null,42165
1,0,2018-08-08 11:41:05+0000,null,42155
1,0,2018-08-08 11:41:05+0000,null,42164
1,0,2018-08-08 11:41:05+0000,04,40200
1,0,2018-08-08 11:41:05+0000,05,40200
1,0,2018-08-08 11:41:05+0000,null,42165
1,0,2018-08-08 11:41:09+0000,null,42155
1,0,2018-08-08 11:41:09+0000,null,42164
1,0,2018-08-08 11:41:09+0000,04,40200
1,0,2018-08-08 11:41:09+0000,05,40200
1,0,2018-08-08 11:41:09+0000,null,42165
1,0,2018-08-08 11:41:13+0000,null,42155
1,0,2018-08-08 11:41:13+0000,null,42164
1,0,2018-08-08 11:41:13+0000,04,40200
1,0,2018-08-08 11:41:13+0000,05,40200
1,0,2018-08-08 11:41:13+0000,null,42165
1,0,2018-08-08 11:41:17+0000,null,42155
1,0,2018-08-08 11:41:17+0000,null,42164
1,0,2018-08-08 11:41:17+0000,04,40200
1,0,2018-08-08 11:41:17+0000,05,40200
1,0,2018-08-08 11:41:17+0000,null,42165
1,0,2018-08-08 11:41:21+0000,null,42155
1,0,2018-08-08 11:41:21+0000,null,42164
1,0,2018-08-08 11:41:21+0000,04,40200
1,0,2018-08-08 11:41:21+0000,05,40200
1,0,2018-08-08 11:41:21+0000,null,42165
1,0,2018-08-08 11:41:24+0000,null,42155
1,0,2018-08-08 11:41:24+0000,null,42164
1,0,2018-08-08 11:41:24+0000,04,40200
1,0,2018-08-08 11:41:24+0000,05,40200
1,0,2018-08-08 11:41:24+0000,null,42165
1,0,2018-08-08 11:41:28+0000,null,42155
1,0,2018-08-08 11:41:28+0000,null,42164
1,0,2018-08-08 11:41:28+0000,04,40200
1,0,2018-08-08 11:41:28+0000,05,40200
1,0,2018-08-08 11:41:28+0000,null,42165
1,0,2018-08-08 11:41:32+0000,null,42155
1,0,2018-08-08 11:41:32+0000,null,42164
1,0,2018-08-08 11:41:32+0000,04,40200
1,0,2018-08-08 11:41:32+0000,05,40200
1,0,2018-08-08 11:41:32+0000,null,42165
1,0,2018-08-08 11:41:36+0000,null,42155
1,0,2018-08-08 11:41:36+0000,null,42164
1,0,2018-08-08 11:41:36+0000,04,40200
1,0,2018-08-08 11:41:36+0000,05,40200
1,0,2018-08-08 11:41:36+0000,null,42165
1,0,2018-08-08 11:41:40+0000,null,42155
1,0,2018-08-08 11:41:40+0000,null,42164
1,0,2018-08-08 11:41:40+0000,04,40200
1,0,2018-08-08 11:41:40+0000,05,40200
1,0,2018-08-08 11:41:40+0000,null,42165
1,0,2018-08-08 11:41:44+0000,null,42155
1,0,2018-08-08 11:41:44+0000,null,42164
1,0,2018-08-08 11:41:44+0000,04,40200
1,0,2018-08-08 11:41:44+0000,05,40200
1,0,2018-08-08 11:41:44+0000,null,42165
1,0,2018-08-08 11:41:48+0000,null,42155
1,0,2018-08-08 11:41:48+0000,null,42164
1,0,2018-08-08 11:41:48+0000,04,40200
1,0,2018-08-08 11:41:48+0000,05,40200
1,0,2018-08-08 11:41:48+0000,null,42165
1,0,2018-08-08 11:41:52+0000,null,42155
1,0,2018-08-08 11:41:52+0000,null,42164
1,0,2018-08-08 11:41:52+0000,04,40200
1,0,2018-08-08 11:41:52+0000,05,40200
1,0,2018-08-08 11:41:52+0000,null,42165
1,0,2018-08-08 11:41:55+0000,null,42155
1,0,2018-08-08 11:41:55+0000,null,42164
1,0,2018-08-08 11:41:55+0000,04,40200
1,0,2018-08-08 11:41:55+0000,05,40200
1,0,2018-08-08 11:41:55+0000,null,42165
1,0,2018-08-08 11:41:59+0000,null,42155
1,0,2018-08-08 11:41:59+0000,null,42164
1,0,2018-08-08 11:41:59+0000,04,40200
1,0,2018-08-08 11:41:59+0000,05,40200
1,0,2018-08-08 11:41:59+0000,null,42165
1,0,2018-08-08 11:42:03+0000,null,42155
1,0,2018-08-08 11:42:03+0000,null,42164
1,0,2018-08-08 11:42:03+0000,04,40200
1,0,2018-08-08 11:42:03+0000,05,40200
1,0,2018-08-08 11:42:03+0000,null,42165
1,0,2018-08-08 11:42:07+0000,null,42155
1,0,2018-08-08 11:42:07+0000,null,42164
1,0,2018-08-08 11:42:07+0000,04,40200
1,0,2018-08-08 11:42:07+0000,05,40200
1,0,2018-08-08 11:42:07+0000,null,42165
1,0,2018-08-08 11:42:11+0000,null,42155
1,0,2018-08-08 11:42:11+0000,null,42164
1,0,2018-08-08 11:42:11+0000,04,40200
1,0,2018-08-08 11:42:11+0000,05,40200
1,0,2018-08-08 11:42:11+0000,null,42165
1,0,2018-08-08 11:42:15+0000,null,42155
1,0,2018-08-08 11:42:15+0000,null,42164
1,0,2018-08-08 11:42:15+0000,04,40200
1,0,2018-08-08 11:42:15+0000,05,40200
1,0,2018-08-08 11:42:15+0000,null,42165
1,0,2018-08-08 11:42:19+0000,null,42155
1,0,2018-08-08 11:42:19+0000,null,42164
1,0,2018-08-08 11:42:19+0000,04,40200
1,0,2018-08-08 11:42:19+0000,05,40200
1,0,2018-08-08 11:42:19+0000,null,42165
1,0,2018-08-08 11:42:23+0000,null,42155
1,0,2018-08-08 11:42:23+0000,null,42164
1,0,2018-08-08 11:42:23+0000,04,40200
1,0,2018-08-08 11:42:23+0000,05,40200
1,0,2018-08-08 11:42:23+0000,null,42165
1,0,2018-08-08 11:42:27+0000,null,42155
1,0,2018-08-08 11:42:27+0000,null,42164
1,0,2018-08-08 11:42:27+0000,04,40200
1,0,2018-08-08 11:42:27+0000,05,40200
1,0,2018-08-08 11:42:27+0000,null,42165
1,0,2018-08-08 11:42:31+0000,null,42155
1,0,2018-08-08 11:42:31+0000,null,42164
1,0,2018-08-08 11:42:31+0000,04,40200
1,0,2018-08-08 11:42:31+0000,05,40200
1,0,2018-08-08 11:42:31+0000,null,42165
1,0,2018-08-08 11:42:34+0000,null,42155
1,0,2018-08-08 11:42:34+0000,null,42164
1,0,2018-08-08 11:42:34+0000,04,40200
1,0,2018-08-08 11:42:34+0000,05,40200
1,0,2018-08-08 11:42:34+0000,null,42165
1,0,2018-08-08 11:42:38+0000,null,42155
1,0,2018-08-08 11:42:38+0000,null,42164
1,0,2018-08-08 11:42:38+0000,04,40200
1,0,2018-08-08 11:42:38+0000,05,40200
1,0,2018-08-08 11:42:38+0000,null,42165
1,0,2018-08-08 11:42:42+0000,null,42155
1,0,2018-08-08 11:42:42+0000,null,42164
1,0,2018-08-08 11:42:42+0000,04,40200
1,0,2018-08-08 11:42:42+0000,05,40200
1,0,2018-08-08 11:42:42+0000,null,42165
1,0,2018-08-08 11:42:46+0000,null,42155
1,0,2018-08-08 11:42:46+0000,null,42164
1,0,2018-08-08 11:42:46+0000,04,40200
1,0,2018-08-08 11:42:46+0000,05,40200
1,0,2018-08-08 11:42:46+0000,null,42165
1,0,2018-08-08 11:42:50+0000,null,42155
1,0,2018-08-08 11:42:50+0000,null,42164
1,0,2018-08-08 11:42:50+0000,04,40200
1,0,2018-08-08 11:42:50+0000,05,40200
1,0,2018-08-08 11:42:50+0000,null,42165
1,0,2018-08-08 11:42:54+0000,null,42155
1,0,2018-08-08 11:42:54+0000,null,42164
1,0,2018-08-08 11:42:54+0000,04,40200
1,0,2018-08-08 11:42:54+0000,05,40200
1,0,2018-08-08 11:42:54+0000,null,42165
1,0,2018-08-08 11:42:58+0000,null,42155
1,0,2018-08-08 11:42:58+0000,null,42164
1,0,2018-08-08 11:42:58+0000,04,40200
1,0,2018-08-08 11:42:58+0000,05,40200
1,0,2018-08-08 11:42:58+0000,null,42165
1,0,2018-08-08 11:43:02+0000,null,42155
1,0,2018-08-08 11:43:02+0000,null,42164
1,0,2018-08-08 11:43:02+0000,04,40200
1,0,2018-08-08 11:43:02+0000,05,40200
1,0,2018-08-08 11:43:02+0000,null,42165
1,0,2018-08-08 11:43:06+0000,null,42155
1,0,2018-08-08 11:43:06+0000,null,42164
1,0,2018-08-08 11:43:06+0000,04,40200
1,0,2018-08-08 11:43:06+0000,05,40200
1,0,2018-08-08 11:43:06+0000,null,42165
1,0,2018-08-08 11:43:10+0000,null,42155
1,0,2018-08-08 11:43:10+0000,null,42164
1,0,2018-08-08 11:43:10+0000,04,40200
1,0,2018-08-08 11:43:10+0000,05,40200
1,0,2018-08-08 11:43:10+0000,null,42165
1,0,2018-08-08 11:43:14+0000,null,42155
1,0,2018-08-08 11:43:14+0000,null,42164
1,0,2018-08-08 11:43:14+0000,04,40200
1,0,2018-08-08 11:43:14+0000,05,40200
1,0,2018-08-08 11:43:14+0000,null,42165
1,0,2018-08-08 11:43:18+0000,null,42155
1,0,2018-08-08 11:43:18+0000,null,42164
1,0,2018-08-08 11:43:18+0000,04,40200
1,0,2018-08-08 11:43:18+0000,05,40200
1,0,2018-08-08 11:43:18+0000,null,42165
1,0,2018-08-08 11:43:21+0000,null,42155
1,0,2018-08-08 11:43:21+0000,null,42164
1,0,2018-08-08 11:43:21+0000,04,40200
1,0,2018-08-08 11:43:21+0000,05,40200
1,0,2018-08-08 11:43:21+0000,null,42165
1,0,2018-08-08 11:43:25+0000,null,42155
1,0,2018-08-08 11:43:25+0000,null,42164
1,0,2018-08-08 11:43:25+0000,04,40200
1,0,2018-08-08 11:43:25+0000,05,40200
1,0,2018-08-08 11:43:25+0000,null,42165
1,0,2018-08-08 11:43:29+0000,null,42155
1,0,2018-08-08 11:43:29+0000,null,42164
1,0,2018-08-08 11:43:29+0000,04,40200
1,0,2018-08-08 11:43:29+0000,05,40200
1,0,2018-08-08 11:43:29+0000,null,42165
1,0,2018-08-08 11:43:33+0000,null,42155
1,0,2018-08-08 11:43:33+0000,null,42164
1,0,2018-08-08 11:43:33+0000,04,40200
1,0,2018-08-08 11:43:33+0000,05,40200
1,0,2018-08-08 11:43:33+0000,null,42165
1,0,2018-08-08 11:43:37+0000,null,42155
1,0,2018-08-08 11:43:37+0000,null,42164
1,0,2018-08-08 11:43:37+0000,04,40200
1,0,2018-08-08 11:43:37+0000,05,40200
1,0,2018-08-08 11:43:37+0000,null,42165
1,0,2018-08-08 11:43:41+0000,null,42155
1,0,2018-08-08 11:43:41+0000,null,42164
1,0,2018-08-08 11:43:41+0000,04,40200
1,0,2018-08-08 11:43:41+0000,05,40200
1,0,2018-08-08 11:43:41+0000,null,42165
1,0,2018-08-08 11:43:45+0000,null,42155
1,0,2018-08-08 11:43:45+0000,null,42164
1,0,2018-08-08 11:43:45+0000,04,40200
1,0,2018-08-08 11:43:45+0000,05,40200
1,0,2018-08-08 11:43:45+0000,null,42165
1,0,2018-08-08 11:43:49+0000,null,42155
1,0,2018-08-08 11:43:49+0000,null,42164
1,0,2018-08-08 11:43:49+0000,04,40200
1,0,2018-08-08 11:43:49+0000,05,40200
1,0,2018-08-08 11:43:49+0000,null,42165
1,0,2018-08-08 11:43:53+0000,null,42155
1,0,2018-08-08 11:43:53+0000,null,42164
1,0,2018-08-08 11:43:53+0000,04,40200
1,0,2018-08-08 11:43:53+0000,05,40200
1,0,2018-08-08 11:43:53+0000,null,42165
1,0,2018-08-08 11:43:57+0000,null,42155
1,0,2018-08-08 11:43:57+0000,null,42164
1,0,2018-08-08 11:43:57+0000,04,40200
1,0,2018-08-08 11:43:57+0000,05,40200
1,0,2018-08-08 11:43:57+0000,null,42165
1,0,2018-08-08 11:44:01+0000,null,42155
1,0,2018-08-08 11:44:01+0000,null,42164
1,0,2018-08-08 11:44:01+0000,04,40200
1,0,2018-08-08 11:44:01+0000,05,40200
1,0,2018-08-08 11:44:01+0000,null,42165
1,0,2018-08-08 11:44:05+0000,null,42155
1,0,2018-08-08 11:44:05+0000,null,42164
1,0,2018-08-08 11:44:05+0000,04,40200
1,0,2018-08-08 11:44:05+0000,05,40200
1,0,2018-08-08 11:44:05+0000,null,42165
1,0,2018-08-08 11:44:09+0000,null,42155
1,0,2018-08-08 11:44:09+0000,null,42164
1,0,2018-08-08 11:44:09+0000,04,40200
1,0,2018-08-08 11:44:09+0000,05,40200
1,0,2018-08-08 11:44:09+0000,null,42165
1,0,2018-08-08 11:44:13+0000,null,42155
1,0,2018-08-08 11:44:13+0000,null,42164
1,0,2018-08-08 11:44:13+0000,04,40200
1,0,2018-08-08 11:44:13+0000,05,40200
1,0,2018-08-08 11:44:13+0000,null,42165
1,0,2018-08-08 11:44:17+0000,null,42155
1,0,2018-08-08 11:44:17+0000,null,42164
1,0,2018-08-08 11:44:17+0000,04,40200
1,0,2018-08-08 11:44:17+0000,05,40200
1,0,2018-08-08 11:44:17+0000,null,42165
1,0,2018-08-08 11:44:21+0000,null,42155
1,0,2018-08-08 11:44:21+0000,null,42164
1,0,2018-08-08 11:44:21+0000,04,40200
1,0,2018-08-08 11:44:21+0000,05,40200
1,0,2018-08-08 11:44:21+0000,null,42165
1,0,2018-08-08 11:44:25+0000,null,42155
1,0,2018-08-08 11:44:25+0000,null,42164
1,0,2018-08-08 11:44:25+0000,04,40200
1,0,2018-08-08 11:44:25+0000,05,40200
1,0,2018-08-08 11:44:25+0000,null,42165
1,0,2018-08-08 11:44:29+0000,null,42155
1,0,2018-08-08 11:44:29+0000,null,42164
1,0,2018-08-08 11:44:29+0000,04,40200
1,0,2018-08-08 11:44:29+0000,05,40200
1,0,2018-08-08 11:44:29+0000,null,42165
1,0,2018-08-08 11:44:33+0000,null,42155
1,0,2018-08-08 11:44:33+0000,null,42164
1,0,2018-08-08 11:44:33+0000,04,40200
1,0,2018-08-08 11:44:33+0000,05,40200
1,0,2018-08-08 11:44:33+0000,null,42165
1,0,2018-08-08 11:44:37+0000,null,42155
1,0,2018-08-08 11:44:37+0000,null,42164
1,0,2018-08-08 11:44:37+0000,04,40200
1,0,2018-08-08 11:44:37+0000,05,40200
1,0,2018-08-08 11:44:37+0000,null,42165
1,0,2018-08-08 11:44:41+0000,null,42155
1,0,2018-08-08 11:44:41+0000,null,42164
1,0,2018-08-08 11:44:41+0000,04,40200
1,0,2018-08-08 11:44:41+0000,05,40200
1,0,2018-08-08 11:44:41+0000,null,42165
1,0,2018-08-08 11:44:45+0000,null,42155
1,0,2018-08-08 11:44:45+0000,null,42164
1,0,2018-08-08 11:44:45+0000,04,40200
1,0,2018-08-08 11:44:45+0000,05,40200
1,0,2018-08-08 11:44:45+0000,null,42165
1,0,2018-08-08 11:44:49+0000,null,42155
1,0,2018-08-08 11:44:49+0000,null,42164
1,0,2018-08-08 11:44:49+0000,04,40200
1,0,2018-08-08 11:44:49+0000,05,40200
1,0,2018-08-08 11:44:49+0000,null,42165
1,0,2018-08-08 11:44:53+0000,null,42155
1,0,2018-08-08 11:44:53+0000,null,42164
1,0,2018-08-08 11:44:53+0000,04,40200
1,0,2018-08-08 11:44:53+0000,05,40200
1,0,2018-08-08 11:44:53+0000,null,42165
1,0,2018-08-08 11:44:57+0000,null,42155
1,0,2018-08-08 11:44:57+0000,null,42164
1,0,2018-08-08 11:44:57+0000,04,40200
1,0,2018-08-08 11:44:57+0000,05,40200
1,0,2018-08-08 11:44:57+0000,null,42165
1,0,2018-08-08 11:45:01+0000,null,42155
1,0,2018-08-08 11:45:01+0000,null,42164
1,0,2018-08-08 11:45:01+0000,04,40200
1,0,2018-08-08 11:45:01+0000,05,40200
1,0,2018-08-08 11:45:01+0000,null,42165
1,0,2018-08-08 11:45:05+0000,null,42155
1,0,2018-08-08 11:45:05+0000,null,42164
1,0,2018-08-08 11:45:05+0000,04,40200
1,0,2018-08-08 11:45:05+0000,05,40200
1,0,2018-08-08 11:45:05+0000,null,42165
1,0,2018-08-08 11:45:09+0000,null,42155
1,0,2018-08-08 11:45:09+0000,null,42164
1,0,2018-08-08 11:45:09+0000,04,40200
1,0,2018-08-08 11:45:09+0000,05,40200
1,0,2018-08-08 11:45:09+0000,null,42165
1,0,2018-08-08 11:45:13+0000,null,42155
1,0,2018-08-08 11:45:13+0000,null,42164
1,0,2018-08-08 11:45:13+0000,04,40200
1,0,2018-08-08 11:45:13+0000,05,40200
1,0,2018-08-08 11:45:13+0000,null,42165
1,0,2018-08-08 11:45:17+0000,null,42155
1,0,2018-08-08 11:45:17+0000,null,42164
1,0,2018-08-08 11:45:17+0000,04,40200
1,0,2018-08-08 11:45:17+0000,05,40200
1,0,2018-08-08 11:45:17+0000,null,42165
1,0,2018-08-08 11:45:21+0000,null,42155
1,0,2018-08-08 11:45:21+0000,null,42164
1,0,2018-08-08 11:45:21+0000,04,40200
1,0,2018-08-08 11:45:21+0000,05,40200
1,0,2018-08-08 11:45:21+0000,null,42165
1,0,2018-08-08 11:45:25+0000,null,42155
1,0,2018-08-08 11:45:25+0000,null,42164
1,0,2018-08-08 11:45:25+0000,04,40200
1,0,2018-08-08 11:45:25+0000,05,40200
1,0,2018-08-08 11:45:25+0000,null,42165
1,0,2018-08-08 11:45:29+0000,null,42155
1,0,2018-08-08 11:45:29+0000,null,42164
1,0,2018-08-08 11:45:29+0000,04,40200
1,0,2018-08-08 11:45:29+0000,05,40200
1,0,2018-08-08 11:45:29+0000,null,42165
1,0,2018-08-08 11:45:33+0000,null,42155
1,0,2018-08-08 11:45:33+0000,null,42164
1,0,2018-08-08 11:45:33+0000,04,40200
1,0,2018-08-08 11:45:33+0000,05,40200
1,0,2018-08-08 11:45:33+0000,null,42165
1,0,2018-08-08 11:45:37+0000,null,42155
1,0,2018-08-08 11:45:37+0000,null,42164
1,0,2018-08-08 11:45:37+0000,04,40200
1,0,2018-08-08 11:45:37+0000,05,40200
1,0,2018-08-08 11:45:37+0000,null,42165
1,0,2018-08-08 11:45:41+0000,null,42155
1,0,2018-08-08 11:45:41+0000,null,42164
1,0,2018-08-08 11:45:41+0000,04,40200
1,0,2018-08-08 11:45:41+0000,05,40200
1,0,2018-08-08 11:45:41+0000,null,42165
1,0,2018-08-08 11:45:45+0000,null,42155
1,0,2018-08-08 11:45:45+0000,null,42164
1,0,2018-08-08 11:45:45+0000,04,40200
1,0,2018-08-08 11:45:45+0000,05,40200
1,0,2018-08-08 11:45:45+0000,null,42165
1,0,2018-08-08 11:45:49+0000,null,42155
1,0,2018-08-08 11:45:49+0000,null,42164
1,0,2018-08-08 11:45:49+0000,04,40200
1,0,2018-08-08 11:45:49+0000,05,40200
1,0,2018-08-08 11:45:49+0000,null,42165
1,0,2018-08-08 11:45:53+0000,null,42155
1,0,2018-08-08 11:45:53+0000,null,42164
1,0,2018-08-08 11:45:53+0000,04,40200
1,0,2018-08-08 11:45:53+0000,05,40200
1,0,2018-08-08 11:45:53+0000,null,42165
1,0,2018-08-08 11:45:57+0000,null,42155
1,0,2018-08-08 11:45:57+0000,null,42164
1,0,2018-08-08 11:45:57+0000,04,40200
1,0,2018-08-08 11:45:57+0000,05,40200
1,0,2018-08-08 11:45:57+0000,null,42165
1,0,2018-08-08 11:46:01+0000,null,42155
1,0,2018-08-08 11:46:01+0000,null,42164
1,0,2018-08-08 11:46:01+0000,04,40200
1,0,2018-08-08 11:46:01+0000,05,40200
1,0,2018-08-08 11:46:01+0000,null,42165
1,0,2018-08-08 11:46:05+0000,null,42155
1,0,2018-08-08 11:46:05+0000,null,42164
1,0,2018-08-08 11:46:05+0000,04,40200
1,0,2018-08-08 11:46:05+0000,05,40200
1,0,2018-08-08 11:46:05+0000,null,42165
1,0,2018-08-08 11:46:09+0000,null,42155
1,0,2018-08-08 11:46:09+0000,null,42164
1,0,2018-08-08 11:46:09+0000,04,40200
1,0,2018-08-08 11:46:09+0000,05,40200
1,0,2018-08-08 11:46:09+0000,null,42165
1,0,2018-08-08 11:46:13+0000,null,42155
1,0,2018-08-08 11:46:13+0000,null,42164
1,0,2018-08-08 11:46:13+0000,04,40200
1,0,2018-08-08 11:46:13+0000,05,40200
1,0,2018-08-08 11:46:13+0000,null,42165
1,0,2018-08-08 11:46:17+0000,null,42155
1,0,2018-08-08 11:46:17+0000,null,42164
1,0,2018-08-08 11:46:17+0000,04,40200
1,0,2018-08-08 11:46:17+0000,05,40200
1,0,2018-08-08 11:46:17+0000,null,42165
1,0,2018-08-08 11:46:21+0000,null,42155
1,0,2018-08-08 11:46:21+0000,null,42164
1,0,2018-08-08 11:46:21+0000,04,40200
1,0,2018-08-08 11:46:21+0000,05,40200
1,0,2018-08-08 11:46:21+0000,null,42165
1,0,2018-08-08 11:46:26+0000,null,42155
1,0,2018-08-08 11:46:26+0000,null,42164
1,0,2018-08-08 11:46:26+0000,04,40200
1,0,2018-08-08 11:46:26+0000,05,40200
1,0,2018-08-08 11:46:26+0000,null,42165
1,0,2018-08-08 11:46:30+0000,null,42155
1,0,2018-08-08 11:46:30+0000,null,42164
1,0,2018-08-08 11:46:30+0000,04,40200
1,0,2018-08-08 11:46:30+0000,05,40200
1,0,2018-08-08 11:46:30+0000,null,42165
1,0,2018-08-08 11:46:34+0000,null,42155
1,0,2018-08-08 11:46:34+0000,null,42164
1,0,2018-08-08 11:46:34+0000,04,40200
1,0,2018-08-08 11:46:34+0000,05,40200
1,0,2018-08-08 11:46:34+0000,null,42165
1,0,2018-08-08 11:46:38+0000,null,42155
1,0,2018-08-08 11:46:38+0000,null,42164
1,0,2018-08-08 11:46:38+0000,04,40200
1,0,2018-08-08 11:46:38+0000,05,40200
1,0,2018-08-08 11:46:38+0000,null,42165
1,0,2018-08-08 11:46:42+0000,null,42155
1,0,2018-08-08 11:46:42+0000,null,42164
1,0,2018-08-08 11:46:42+0000,04,40200
1,0,2018-08-08 11:46:42+0000,05,40200
1,0,2018-08-08 11:46:42+0000,null,42165
1,0,2018-08-08 11:46:46+0000,null,42155
1,0,2018-08-08 11:46:46+0000,null,42164
1,0,2018-08-08 11:46:46+0000,04,40200
1,0,2018-08-08 11:46:46+0000,05,40200
1,0,2018-08-08 11:46:46+0000,null,42165
1,0,2018-08-08 11:46:50+0000,null,42155
1,0,2018-08-08 11:46:50+0000,null,42164
1,0,2018-08-08 11:46:50+0000,04,40200
1,0,2018-08-08 11:46:50+0000,05,40200
1,0,2018-08-08 11:46:50+0000,null,42165
1,0,2018-08-08 11:46:54+0000,null,42155
1,0,2018-08-08 11:46:54+0000,null,42164
1,0,2018-08-08 11:46:54+0000,04,40200
1,0,2018-08-08 11:46:54+0000,05,40200
1,0,2018-08-08 11:46:54+0000,null,42165
1,0,2018-08-08 11:46:58+0000,null,42155
1,0,2018-08-08 11:46:58+0000,null,42164
1,0,2018-08-08 11:46:58+0000,04,40200
1,0,2018-08-08 11:46:58+0000,05,40200
1,0,2018-08-08 11:46:58+0000,null,42165
1,0,2018-08-08 11:47:02+0000,null,42155
1,0,2018-08-08 11:47:02+0000,null,42164
1,0,2018-08-08 11:47:02+0000,04,40200
1,0,2018-08-08 11:47:02+0000,05,40200
1,0,2018-08-08 11:47:02+0000,null,42165
1,0,2018-08-08 11:47:06+0000,null,42155
1,0,2018-08-08 11:47:06+0000,null,42164
1,0,2018-08-08 11:47:06+0000,04,40200
1,0,2018-08-08 11:47:06+0000,05,40200
1,0,2018-08-08 11:47:06+0000,null,42165
1,0,2018-08-08 11:47:10+0000,null,42155
1,0,2018-08-08 11:47:10+0000,null,42164
1,0,2018-08-08 11:47:10+0000,04,40200
1,0,2018-08-08 11:47:10+0000,05,40200
1,0,2018-08-08 11:47:10+0000,null,42165
1,0,2018-08-08 11:47:14+0000,null,42155
1,0,2018-08-08 11:47:14+0000,null,42164
1,0,2018-08-08 11:47:14+0000,04,40200
1,0,2018-08-08 11:47:14+0000,05,40200
1,0,2018-08-08 11:47:14+0000,null,42165
1,0,2018-08-08 11:47:18+0000,null,42155
1,0,2018-08-08 11:47:18+0000,null,42164
1,0,2018-08-08 11:47:18+0000,04,40200
1,0,2018-08-08 11:47:18+0000,05,40200
1,0,2018-08-08 11:47:18+0000,null,42165
1,0,2018-08-08 11:47:22+0000,null,42155
1,0,2018-08-08 11:47:22+0000,null,42164
1,0,2018-08-08 11:47:22+0000,04,40200
1,0,2018-08-08 11:47:22+0000,05,40200
1,0,2018-08-08 11:47:22+0000,null,42165
1,0,2018-08-08 11:47:26+0000,null,42155
1,0,2018-08-08 11:47:26+0000,null,42164
1,0,2018-08-08 11:47:26+0000,04,40200
1,0,2018-08-08 11:47:26+0000,05,40200
1,0,2018-08-08 11:47:26+0000,null,42165
1,0,2018-08-08 11:47:30+0000,null,42155
1,0,2018-08-08 11:47:30+0000,null,42164
1,0,2018-08-08 11:47:30+0000,04,40200
1,0,2018-08-08 11:47:30+0000,05,40200
1,0,2018-08-08 11:47:30+0000,null,42165
1,0,2018-08-08 11:47:34+0000,null,42155
1,0,2018-08-08 11:47:34+0000,null,42164
1,0,2018-08-08 11:47:34+0000,04,40200
1,0,2018-08-08 11:47:34+0000,05,40200
1,0,2018-08-08 11:47:34+0000,null,42165
1,0,2018-08-08 11:47:38+0000,null,42155
1,0,2018-08-08 11:47:38+0000,null,42164
1,0,2018-08-08 11:47:38+0000,04,40200
1,0,2018-08-08 11:47:38+0000,05,40200
1,0,2018-08-08 11:47:38+0000,null,42165
1,0,2018-08-08 11:47:42+0000,null,42155
1,0,2018-08-08 11:47:42+0000,null,42164
1,0,2018-08-08 11:47:42+0000,04,40200
1,0,2018-08-08 11:47:42+0000,05,40200
1,0,2018-08-08 11:47:42+0000,null,42165
1,0,2018-08-08 11:47:46+0000,null,42155
1,0,2018-08-08 11:47:46+0000,null,42164
1,0,2018-08-08 11:47:46+0000,04,40200
1,0,2018-08-08 11:47:46+0000,05,40200
1,0,2018-08-08 11:47:46+0000,null,42165
1,0,2018-08-08 11:47:50+0000,null,42155
1,0,2018-08-08 11:47:50+0000,null,42164
1,0,2018-08-08 11:47:50+0000,04,40200
1,0,2018-08-08 11:47:50+0000,05,40200
1,0,2018-08-08 11:47:50+0000,null,42165
1,0,2018-08-08 11:47:54+0000,null,42155
1,0,2018-08-08 11:47:54+0000,null,42164
1,0,2018-08-08 11:47:54+0000,04,40200
1,0,2018-08-08 11:47:54+0000,05,40200
1,0,2018-08-08 11:47:54+0000,null,42165
1,0,2018-08-08 11:47:58+0000,null,42155
1,0,2018-08-08 11:47:58+0000,null,42164
1,0,2018-08-08 11:47:58+0000,04,40200
1,0,2018-08-08 11:47:58+0000,05,40200
1,0,2018-08-08 11:47:58+0000,null,42165
1,0,2018-08-08 11:48:02+0000,null,42155
1,0,2018-08-08 11:48:02+0000,null,42164
1,0,2018-08-08 11:48:02+0000,04,40200
1,0,2018-08-08 11:48:02+0000,05,40200
1,0,2018-08-08 11:48:02+0000,null,42165
1,0,2018-08-08 11:48:06+0000,null,42155
1,0,2018-08-08 11:48:06+0000,null,42164
1,0,2018-08-08 11:48:06+0000,04,40200
1,0,2018-08-08 11:48:06+0000,05,40200
1,0,2018-08-08 11:48:06+0000,null,42165
1,0,2018-08-08 11:48:10+0000,null,42155
1,0,2018-08-08 11:48:10+0000,null,42164
1,0,2018-08-08 11:48:10+0000,04,40200
1,0,2018-08-08 11:48:10+0000,05,40200
1,0,2018-08-08 11:48:10+0000,null,42165
1,0,2018-08-08 11:48:14+0000,null,42155
1,0,2018-08-08 11:48:14+0000,null,42164
1,0,2018-08-08 11:48:14+0000,04,40200
1,0,2018-08-08 11:48:14+0000,05,40200
1,0,2018-08-08 11:48:14+0000,null,42165
1,0,2018-08-08 11:48:19+0000,null,42155
1,0,2018-08-08 11:48:19+0000,null,42164
1,0,2018-08-08 11:48:19+0000,04,40200
1,0,2018-08-08 11:48:19+0000,05,40200
1,0,2018-08-08 11:48:19+0000,null,42165
1,0,2018-08-08 11:48:23+0000,null,42155
1,0,2018-08-08 11:48:23+0000,null,42164
1,0,2018-08-08 11:48:23+0000,04,40200
1,0,2018-08-08 11:48:23+0000,05,40200
1,0,2018-08-08 11:48:23+0000,null,42165
1,0,2018-08-08 11:48:27+0000,null,42155
1,0,2018-08-08 11:48:27+0000,null,42164
1,0,2018-08-08 11:48:27+0000,04,40200
1,0,2018-08-08 11:48:27+0000,05,40200
1,0,2018-08-08 11:48:27+0000,null,42165
1,0,2018-08-08 11:48:31+0000,null,42155
1,0,2018-08-08 11:48:31+0000,null,42164
1,0,2018-08-08 11:48:31+0000,04,40200
1,0,2018-08-08 11:48:31+0000,05,40200
1,0,2018-08-08 11:48:31+0000,null,42165
1,0,2018-08-08 11:48:35+0000,null,42155
1,0,2018-08-08 11:48:35+0000,null,42164
1,0,2018-08-08 11:48:35+0000,04,40200
1,0,2018-08-08 11:48:35+0000,05,40200
1,0,2018-08-08 11:48:35+0000,null,42165
1,0,2018-08-08 11:48:39+0000,null,42155
1,0,2018-08-08 11:48:39+0000,null,42164
1,0,2018-08-08 11:48:39+0000,04,40200
1,0,2018-08-08 11:48:39+0000,05,40200
1,0,2018-08-08 11:48:39+0000,null,42165
1,0,2018-08-08 11:48:43+0000,null,42155
1,0,2018-08-08 11:48:43+0000,null,42164
1,0,2018-08-08 11:48:43+0000,04,40200
1,0,2018-08-08 11:48:43+0000,05,40200
1,0,2018-08-08 11:48:43+0000,null,42165
1,0,2018-08-08 11:48:47+0000,null,42155
1,0,2018-08-08 11:48:47+0000,null,42164
1,0,2018-08-08 11:48:47+0000,04,40200
1,0,2018-08-08 11:48:47+0000,05,40200
1,0,2018-08-08 11:48:47+0000,null,42165
1,0,2018-08-08 11:48:51+0000,null,42155
1,0,2018-08-08 11:48:51+0000,null,42164
1,0,2018-08-08 11:48:51+0000,04,40200
1,0,2018-08-08 11:48:51+0000,05,40200
1,0,2018-08-08 11:48:51+0000,null,42165
1,0,2018-08-08 11:48:55+0000,null,42155
1,0,2018-08-08 11:48:55+0000,null,42164
1,0,2018-08-08 11:48:55+0000,04,40200
1,0,2018-08-08 11:48:55+0000,05,40200
1,0,2018-08-08 11:48:55+0000,null,42165
1,0,2018-08-08 11:48:59+0000,null,42155
1,0,2018-08-08 11:48:59+0000,null,42164
1,0,2018-08-08 11:48:59+0000,04,40200
1,0,2018-08-08 11:48:59+0000,05,40200
1,0,2018-08-08 11:48:59+0000,null,42165
1,0,2018-08-08 11:49:03+0000,null,42155
1,0,2018-08-08 11:49:03+0000,null,42164
1,0,2018-08-08 11:49:03+0000,04,40200
1,0,2018-08-08 11:49:03+0000,05,40200
1,0,2018-08-08 11:49:03+0000,null,42165
1,0,2018-08-08 11:49:07+0000,null,42155
1,0,2018-08-08 11:49:07+0000,null,42164
1,0,2018-08-08 11:49:07+0000,04,40200
1,0,2018-08-08 11:49:07+0000,05,40200
1,0,2018-08-08 11:49:07+0000,null,42165
1,0,2018-08-08 11:49:12+0000,null,42155
1,0,2018-08-08 11:49:12+0000,null,42164
1,0,2018-08-08 11:49:12+0000,04,40200
1,0,2018-08-08 11:49:12+0000,05,40200
1,0,2018-08-08 11:49:12+0000,null,42165
1,0,2018-08-08 11:49:15+0000,null,42155
1,0,2018-08-08 11:49:15+0000,null,42164
1,0,2018-08-08 11:49:15+0000,04,40200
1,0,2018-08-08 11:49:15+0000,05,40200
1,0,2018-08-08 11:49:15+0000,null,42165
1,0,2018-08-08 11:49:19+0000,null,42155
1,0,2018-08-08 11:49:19+0000,null,42164
1,0,2018-08-08 11:49:19+0000,04,40200
1,0,2018-08-08 11:49:19+0000,05,40200
1,0,2018-08-08 11:49:19+0000,null,42165
1,0,2018-08-08 11:49:23+0000,null,42155
1,0,2018-08-08 11:49:23+0000,null,42164
1,0,2018-08-08 11:49:23+0000,04,40200
1,0,2018-08-08 11:49:23+0000,05,40200
1,0,2018-08-08 11:49:23+0000,null,42165
1,0,2018-08-08 11:49:28+0000,null,42155
1,0,2018-08-08 11:49:28+0000,null,42164
1,0,2018-08-08 11:49:28+0000,04,40200
1,0,2018-08-08 11:49:28+0000,05,40200
1,0,2018-08-08 11:49:28+0000,null,42165
1,0,2018-08-08 11:49:32+0000,null,42155
1,0,2018-08-08 11:49:32+0000,null,42164
1,0,2018-08-08 11:49:32+0000,04,40200
1,0,2018-08-08 11:49:32+0000,05,40200
1,0,2018-08-08 11:49:32+0000,null,42165
1,0,2018-08-08 11:49:36+0000,null,42155
1,0,2018-08-08 11:49:36+0000,null,42164
1,0,2018-08-08 11:49:36+0000,04,40200
1,0,2018-08-08 11:49:36+0000,05,40200
1,0,2018-08-08 11:49:36+0000,null,42165
1,0,2018-08-08 11:49:40+0000,null,42155
1,0,2018-08-08 11:49:40+0000,null,42164
1,0,2018-08-08 11:49:40+0000,04,40200
1,0,2018-08-08 11:49:40+0000,05,40200
1,0,2018-08-08 11:49:40+0000,null,42165
1,0,2018-08-08 11:49:44+0000,null,42155
1,0,2018-08-08 11:49:44+0000,null,42164
1,0,2018-08-08 11:49:44+0000,04,40200
1,0,2018-08-08 11:49:44+0000,05,40200
1,0,2018-08-08 11:49:44+0000,null,42165
1,0,2018-08-08 11:49:48+0000,null,42155
1,0,2018-08-08 11:49:48+0000,null,42164
1,0,2018-08-08 11:49:48+0000,04,40200
1,0,2018-08-08 11:49:48+0000,05,40200
1,0,2018-08-08 11:49:48+0000,null,42165
1,0,2018-08-08 11:49:52+0000,null,42155
1,0,2018-08-08 11:49:52+0000,null,42164
1,0,2018-08-08 11:49:52+0000,04,40200
1,0,2018-08-08 11:49:52+0000,05,40200
1,0,2018-08-08 11:49:52+0000,null,42165
1,0,2018-08-08 11:49:56+0000,null,42155
1,0,2018-08-08 11:49:56+0000,null,42164
1,0,2018-08-08 11:49:56+0000,04,40200
1,0,2018-08-08 11:49:56+0000,05,40200
1,0,2018-08-08 11:49:56+0000,null,42165
1,0,2018-08-08 11:50:00+0000,null,42155
1,0,2018-08-08 11:50:00+0000,null,42164
1,0,2018-08-08 11:50:00+0000,04,40200
1,0,2018-08-08 11:50:00+0000,05,40200
1,0,2018-08-08 11:50:00+0000,null,42165
1,0,2018-08-08 11:50:04+0000,null,42155
1,0,2018-08-08 11:50:04+0000,null,42164
1,0,2018-08-08 11:50:04+0000,04,40200
1,0,2018-08-08 11:50:04+0000,05,40200
1,0,2018-08-08 11:50:04+0000,null,42165
1,0,2018-08-08 11:50:08+0000,null,42155
1,0,2018-08-08 11:50:08+0000,null,42164
1,0,2018-08-08 11:50:08+0000,04,40200
1,0,2018-08-08 11:50:08+0000,05,40200
1,0,2018-08-08 11:50:08+0000,null,42165
1,0,2018-08-08 11:50:12+0000,null,42155
1,0,2018-08-08 11:50:12+0000,null,42164
1,0,2018-08-08 11:50:12+0000,04,40200
1,0,2018-08-08 11:50:12+0000,05,40200
1,0,2018-08-08 11:50:12+0000,null,42165
1,0,2018-08-08 11:50:16+0000,null,42155
1,0,2018-08-08 11:50:16+0000,null,42164
1,0,2018-08-08 11:50:16+0000,04,40200
1,0,2018-08-08 11:50:16+0000,05,40200
1,0,2018-08-08 11:50:16+0000,null,42165
1,0,2018-08-08 11:50:20+0000,null,42155
1,0,2018-08-08 11:50:20+0000,null,42164
1,0,2018-08-08 11:50:20+0000,04,40200
1,0,2018-08-08 11:50:20+0000,05,40200
1,0,2018-08-08 11:50:20+0000,null,42165
1,0,2018-08-08 11:50:24+0000,null,42155
1,0,2018-08-08 11:50:24+0000,null,42164
1,0,2018-08-08 11:50:24+0000,04,40200
1,0,2018-08-08 11:50:24+0000,05,40200
1,0,2018-08-08 11:50:24+0000,null,42165
1,0,2018-08-08 11:50:29+0000,null,42155
1,0,2018-08-08 11:50:29+0000,null,42164
1,0,2018-08-08 11:50:29+0000,04,40200
1,0,2018-08-08 11:50:29+0000,05,40200
1,0,2018-08-08 11:50:29+0000,null,42165
1,0,2018-08-08 11:50:33+0000,null,42155
1,0,2018-08-08 11:50:33+0000,null,42164
1,0,2018-08-08 11:50:33+0000,04,40200
1,0,2018-08-08 11:50:33+0000,05,40200
1,0,2018-08-08 11:50:33+0000,null,42165
1,0,2018-08-08 11:50:37+0000,null,42155
1,0,2018-08-08 11:50:37+0000,null,42164
1,0,2018-08-08 11:50:37+0000,04,40200
1,0,2018-08-08 11:50:37+0000,05,40200
1,0,2018-08-08 11:50:37+0000,null,42165
1,0,2018-08-08 11:50:41+0000,null,42155
1,0,2018-08-08 11:50:41+0000,null,42164
1,0,2018-08-08 11:50:41+0000,04,40200
1,0,2018-08-08 11:50:41+0000,05,40200
1,0,2018-08-08 11:50:41+0000,null,42165
1,0,2018-08-08 11:50:45+0000,null,42155
1,0,2018-08-08 11:50:45+0000,null,42164
1,0,2018-08-08 11:50:45+0000,04,40200
1,0,2018-08-08 11:50:45+0000,05,40200
1,0,2018-08-08 11:50:45+0000,null,42165
1,0,2018-08-08 11:50:49+0000,null,42155
1,0,2018-08-08 11:50:49+0000,null,42164
1,0,2018-08-08 11:50:49+0000,04,40200
1,0,2018-08-08 11:50:49+0000,05,40200
1,0,2018-08-08 11:50:49+0000,null,42165
1,0,2018-08-08 11:50:53+0000,null,42155
1,0,2018-08-08 11:50:53+0000,null,42164
1,0,2018-08-08 11:50:53+0000,04,40200
1,0,2018-08-08 11:50:53+0000,05,40200
1,0,2018-08-08 11:50:53+0000,null,42165
1,0,2018-08-08 11:50:57+0000,null,42155
1,0,2018-08-08 11:50:57+0000,null,42164
1,0,2018-08-08 11:50:57+0000,04,40200
1,0,2018-08-08 11:50:57+0000,05,40200
1,0,2018-08-08 11:50:57+0000,null,42165
1,0,2018-08-08 11:51:01+0000,null,42155
1,0,2018-08-08 11:51:01+0000,null,42164
1,0,2018-08-08 11:51:01+0000,04,40200
1,0,2018-08-08 11:51:01+0000,05,40200
1,0,2018-08-08 11:51:01+0000,null,42165
1,0,2018-08-08 11:51:05+0000,null,42155
1,0,2018-08-08 11:51:05+0000,null,42164
1,0,2018-08-08 11:51:05+0000,04,40200
1,0,2018-08-08 11:51:05+0000,05,40200
1,0,2018-08-08 11:51:05+0000,null,42165
1,0,2018-08-08 11:51:09+0000,null,42155
1,0,2018-08-08 11:51:09+0000,null,42164
1,0,2018-08-08 11:51:09+0000,04,40200
1,0,2018-08-08 11:51:09+0000,05,40200
1,0,2018-08-08 11:51:09+0000,null,42165
1,0,2018-08-08 11:51:13+0000,null,42155
1,0,2018-08-08 11:51:13+0000,null,42164
1,0,2018-08-08 11:51:13+0000,04,40200
1,0,2018-08-08 11:51:13+0000,05,40200
1,0,2018-08-08 11:51:13+0000,null,42165
1,0,2018-08-08 11:51:17+0000,null,42155
1,0,2018-08-08 11:51:17+0000,null,42164
1,0,2018-08-08 11:51:17+0000,04,40200
1,0,2018-08-08 11:51:17+0000,05,40200
1,0,2018-08-08 11:51:17+0000,null,42165
1,0,2018-08-08 11:51:21+0000,null,42155
1,0,2018-08-08 11:51:21+0000,null,42164
1,0,2018-08-08 11:51:21+0000,04,40200
1,0,2018-08-08 11:51:21+0000,05,40200
1,0,2018-08-08 11:51:21+0000,null,42165
1,0,2018-08-08 11:51:25+0000,null,42155
1,0,2018-08-08 11:51:25+0000,null,42164
1,0,2018-08-08 11:51:25+0000,04,40200
1,0,2018-08-08 11:51:25+0000,05,40200
1,0,2018-08-08 11:51:25+0000,null,42165
1,0,2018-08-08 11:51:30+0000,null,42155
1,0,2018-08-08 11:51:30+0000,null,42164
1,0,2018-08-08 11:51:30+0000,04,40200
1,0,2018-08-08 11:51:30+0000,05,40200
1,0,2018-08-08 11:51:30+0000,null,42165
1,0,2018-08-08 11:51:34+0000,null,42155
1,0,2018-08-08 11:51:34+0000,null,42164
1,0,2018-08-08 11:51:34+0000,04,40200
1,0,2018-08-08 11:51:34+0000,05,40200
1,0,2018-08-08 11:51:34+0000,null,42165
1,0,2018-08-08 11:51:38+0000,null,42155
1,0,2018-08-08 11:51:38+0000,null,42164
1,0,2018-08-08 11:51:38+0000,04,40200
1,0,2018-08-08 11:51:38+0000,05,40200
1,0,2018-08-08 11:51:38+0000,null,42165
1,0,2018-08-08 11:51:42+0000,null,42155
1,0,2018-08-08 11:51:42+0000,null,42164
1,0,2018-08-08 11:51:42+0000,04,40200
1,0,2018-08-08 11:51:42+0000,05,40200
1,0,2018-08-08 11:51:42+0000,null,42165
1,0,2018-08-08 11:51:46+0000,null,42155
1,0,2018-08-08 11:51:46+0000,null,42164
1,0,2018-08-08 11:51:46+0000,04,40200
1,0,2018-08-08 11:51:46+0000,05,40200
1,0,2018-08-08 11:51:46+0000,null,42165
1,0,2018-08-08 11:51:50+0000,null,42155
1,0,2018-08-08 11:51:50+0000,null,42164
1,0,2018-08-08 11:51:50+0000,04,40200
1,0,2018-08-08 11:51:50+0000,05,40200
1,0,2018-08-08 11:51:50+0000,null,42165
1,0,2018-08-08 11:51:54+0000,null,42155
1,0,2018-08-08 11:51:54+0000,null,42164
1,0,2018-08-08 11:51:54+0000,04,40200
1,0,2018-08-08 11:51:54+0000,05,40200
1,0,2018-08-08 11:51:54+0000,null,42165
1,0,2018-08-08 11:51:58+0000,null,42155
1,0,2018-08-08 11:51:58+0000,null,42164
1,0,2018-08-08 11:51:58+0000,04,40200
1,0,2018-08-08 11:51:58+0000,05,40200
1,0,2018-08-08 11:51:58+0000,null,42165
1,0,2018-08-08 11:52:02+0000,null,42155
1,0,2018-08-08 11:52:02+0000,null,42164
1,0,2018-08-08 11:52:02+0000,04,40200
1,0,2018-08-08 11:52:02+0000,05,40200
1,0,2018-08-08 11:52:02+0000,null,42165
1,0,2018-08-08 11:52:06+0000,null,42155
1,0,2018-08-08 11:52:06+0000,null,42164
1,0,2018-08-08 11:52:06+0000,04,40200
1,0,2018-08-08 11:52:06+0000,05,40200
1,0,2018-08-08 11:52:06+0000,null,42165
1,0,2018-08-08 11:52:10+0000,null,42155
1,0,2018-08-08 11:52:10+0000,null,42164
1,0,2018-08-08 11:52:10+0000,04,40200
1,0,2018-08-08 11:52:10+0000,05,40200
1,0,2018-08-08 11:52:10+0000,null,42165
1,0,2018-08-08 11:52:15+0000,null,42155
1,0,2018-08-08 11:52:15+0000,null,42164
1,0,2018-08-08 11:52:15+0000,04,40200
1,0,2018-08-08 11:52:15+0000,05,40200
1,0,2018-08-08 11:52:15+0000,null,42165
1,0,2018-08-08 11:52:19+0000,null,42155
1,0,2018-08-08 11:52:19+0000,null,42164
1,0,2018-08-08 11:52:19+0000,04,40200
1,0,2018-08-08 11:52:19+0000,05,40200
1,0,2018-08-08 11:52:19+0000,null,42165
1,0,2018-08-08 11:52:23+0000,null,42155
1,0,2018-08-08 11:52:23+0000,null,42164
1,0,2018-08-08 11:52:23+0000,04,40200
1,0,2018-08-08 11:52:23+0000,05,40200
1,0,2018-08-08 11:52:23+0000,null,42165
1,0,2018-08-08 11:52:27+0000,null,42155
1,0,2018-08-08 11:52:27+0000,null,42164
1,0,2018-08-08 11:52:27+0000,04,40200
1,0,2018-08-08 11:52:27+0000,05,40200
1,0,2018-08-08 11:52:27+0000,null,42165
1,0,2018-08-08 11:52:31+0000,null,42155
1,0,2018-08-08 11:52:31+0000,null,42164
1,0,2018-08-08 11:52:31+0000,04,40200
1,0,2018-08-08 11:52:31+0000,05,40200
1,0,2018-08-08 11:52:31+0000,null,42165
1,0,2018-08-08 11:52:35+0000,null,42155
1,0,2018-08-08 11:52:35+0000,null,42164
1,0,2018-08-08 11:52:35+0000,04,40200
1,0,2018-08-08 11:52:35+0000,05,40200
1,0,2018-08-08 11:52:35+0000,null,42165
1,0,2018-08-08 11:52:39+0000,null,42155
1,0,2018-08-08 11:52:39+0000,null,42164
1,0,2018-08-08 11:52:39+0000,04,40200
1,0,2018-08-08 11:52:39+0000,05,40200
1,0,2018-08-08 11:52:39+0000,null,42165
1,0,2018-08-08 11:52:43+0000,null,42155
1,0,2018-08-08 11:52:43+0000,null,42164
1,0,2018-08-08 11:52:43+0000,04,40200
1,0,2018-08-08 11:52:43+0000,05,40200
1,0,2018-08-08 11:52:43+0000,null,42165
1,0,2018-08-08 11:52:48+0000,null,42155
1,0,2018-08-08 11:52:48+0000,null,42164
1,0,2018-08-08 11:52:48+0000,04,40200
1,0,2018-08-08 11:52:48+0000,05,40200
1,0,2018-08-08 11:52:48+0000,null,42165
1,0,2018-08-08 11:52:52+0000,null,42155
1,0,2018-08-08 11:52:52+0000,null,42164
1,0,2018-08-08 11:52:52+0000,04,40200
1,0,2018-08-08 11:52:52+0000,05,40200
1,0,2018-08-08 11:52:52+0000,null,42165
1,0,2018-08-08 11:52:56+0000,null,42155
1,0,2018-08-08 11:52:56+0000,null,42164
1,0,2018-08-08 11:52:56+0000,04,40200
1,0,2018-08-08 11:52:56+0000,05,40200
1,0,2018-08-08 11:52:56+0000,null,42165
1,0,2018-08-08 11:53:00+0000,null,42155
1,0,2018-08-08 11:53:00+0000,null,42164
1,0,2018-08-08 11:53:00+0000,04,40200
1,0,2018-08-08 11:53:00+0000,05,40200
1,0,2018-08-08 11:53:00+0000,null,42165
1,0,2018-08-08 11:53:04+0000,null,42155
1,0,2018-08-08 11:53:04+0000,null,42164
1,0,2018-08-08 11:53:04+0000,04,40200
1,0,2018-08-08 11:53:04+0000,05,40200
1,0,2018-08-08 11:53:04+0000,null,42165
1,0,2018-08-08 11:53:08+0000,null,42155
1,0,2018-08-08 11:53:08+0000,null,42164
1,0,2018-08-08 11:53:08+0000,04,40200
1,0,2018-08-08 11:53:08+0000,05,40200
1,0,2018-08-08 11:53:08+0000,null,42165
1,0,2018-08-08 11:53:12+0000,null,42155
1,0,2018-08-08 11:53:12+0000,null,42164
1,0,2018-08-08 11:53:12+0000,04,40200
1,0,2018-08-08 11:53:12+0000,05,40200
1,0,2018-08-08 11:53:12+0000,null,42165
1,0,2018-08-08 11:53:16+0000,null,42155
1,0,2018-08-08 11:53:16+0000,null,42164
1,0,2018-08-08 11:53:16+0000,04,40200
1,0,2018-08-08 11:53:16+0000,05,40200
1,0,2018-08-08 11:53:16+0000,null,42165
1,0,2018-08-08 11:53:21+0000,null,42155
1,0,2018-08-08 11:53:21+0000,null,42164
1,0,2018-08-08 11:53:21+0000,04,40200
1,0,2018-08-08 11:53:21+0000,05,40200
1,0,2018-08-08 11:53:21+0000,null,42165
1,0,2018-08-08 11:53:25+0000,null,42155
1,0,2018-08-08 11:53:25+0000,null,42164
1,0,2018-08-08 11:53:25+0000,04,40200
1,0,2018-08-08 11:53:25+0000,05,40200
1,0,2018-08-08 11:53:25+0000,null,42165
1,0,2018-08-08 11:53:29+0000,null,42155
1,0,2018-08-08 11:53:29+0000,null,42164
1,0,2018-08-08 11:53:29+0000,04,40200
1,0,2018-08-08 11:53:29+0000,05,40200
1,0,2018-08-08 11:53:29+0000,null,42165
1,0,2018-08-08 11:53:33+0000,null,42155
1,0,2018-08-08 11:53:33+0000,null,42164
1,0,2018-08-08 11:53:33+0000,04,40200
1,0,2018-08-08 11:53:33+0000,05,40200
1,0,2018-08-08 11:53:33+0000,null,42165
1,0,2018-08-08 11:53:37+0000,null,42155
1,0,2018-08-08 11:53:37+0000,null,42164
1,0,2018-08-08 11:53:37+0000,04,40200
1,0,2018-08-08 11:53:37+0000,05,40200
1,0,2018-08-08 11:53:37+0000,null,42165
1,0,2018-08-08 11:53:41+0000,null,42155
1,0,2018-08-08 11:53:41+0000,null,42164
1,0,2018-08-08 11:53:41+0000,04,40200
1,0,2018-08-08 11:53:41+0000,05,40200
1,0,2018-08-08 11:53:41+0000,null,42165
1,0,2018-08-08 11:53:45+0000,null,42155
1,0,2018-08-08 11:53:45+0000,null,42164
1,0,2018-08-08 11:53:45+0000,04,40200
1,0,2018-08-08 11:53:45+0000,05,40200
1,0,2018-08-08 11:53:45+0000,null,42165
1,0,2018-08-08 11:53:49+0000,null,42155
1,0,2018-08-08 11:53:49+0000,null,42164
1,0,2018-08-08 11:53:49+0000,04,40200
1,0,2018-08-08 11:53:49+0000,05,40200
1,0,2018-08-08 11:53:49+0000,null,42165